{
  "$schema": "https://raw.githubusercontent.com/spdx/spdx-spec/v2.2.1/schemas/spdx-schema.json",
  "spdxVersion": "SPDX-2.2",
  "dataLicense": "CC0-1.0",
  "SPDXID": "SPDXRef-DOCUMENT",
  "documentNamespace": "https://spdx.org/spdxdocs/libusb-x64-windows-1.0.27#2-ca86b36f-7e45-4c41-878c-d405e313c0a8",
  "name": "libusb:x64-windows@1.0.27#2 9ef6c93f7a285b0edc5e92095aece1dc644ec5b4ba504776170a59ddb3f43978",
  "creationInfo": {
    "creators": [
      "Tool: vcpkg-2024-10-18-e392d7347fe72dff56e7857f7571c22301237ae6"
    ],
    "created": "2024-11-13T03:16:06Z"
  },
  "relationships": [
    {
      "spdxElementId": "SPDXRef-port",
      "relationshipType": "GENERATES",
      "relatedSpdxElement": "SPDXRef-binary"
    },
    {
      "spdxElementId": "SPDXRef-port",
      "relationshipType": "CONTAINS",
      "relatedSpdxElement": "SPDXRef-file-0"
    },
    {
      "spdxElementId": "SPDXRef-port",
      "relationshipType": "CONTAINS",
      "relatedSpdxElement": "SPDXRef-file-1"
    },
    {
      "spdxElementId": "SPDXRef-port",
      "relationshipType": "CONTAINS",
      "relatedSpdxElement": "SPDXRef-file-2"
    },
    {
      "spdxElementId": "SPDXRef-binary",
      "relationshipType": "GENERATED_FROM",
      "relatedSpdxElement": "SPDXRef-port"
    },
    {
      "spdxElementId": "SPDXRef-file-0",
      "relationshipType": "CONTAINED_BY",
      "relatedSpdxElement": "SPDXRef-port"
    },
    {
      "spdxElementId": "SPDXRef-file-1",
      "relationshipType": "CONTAINED_BY",
      "relatedSpdxElement": "SPDXRef-port"
    },
    {
      "spdxElementId": "SPDXRef-file-2",
      "relationshipType": "CONTAINED_BY",
      "relatedSpdxElement": "SPDXRef-port"
    }
  ],
  "packages": [
    {
      "name": "libusb",
      "SPDXID": "SPDXRef-port",
      "versionInfo": "1.0.27#2",
      "downloadLocation": "git+https://github.com/Microsoft/vcpkg#ports/libusb",
      "homepage": "https://github.com/libusb/libusb",
      "licenseConcluded": "LGPL-2.1-or-later",
      "licenseDeclared": "NOASSERTION",
      "copyrightText": "NOASSERTION",
      "description": "a cross-platform library to access USB devices",
      "comment": "This is the port (recipe) consumed by vcpkg."
    },
    {
      "name": "libusb:x64-windows",
      "SPDXID": "SPDXRef-binary",
      "versionInfo": "9ef6c93f7a285b0edc5e92095aece1dc644ec5b4ba504776170a59ddb3f43978",
      "downloadLocation": "NONE",
      "licenseConcluded": "LGPL-2.1-or-later",
      "licenseDeclared": "NOASSERTION",
      "copyrightText": "NOASSERTION",
      "comment": "This is a binary package built by vcpkg."
    },
    {
      "SPDXID": "SPDXRef-resource-1",
      "name": "libusb/libusb",
      "downloadLocation": "git+https://github.com/libusb/libusb@v1.0.27",
      "licenseConcluded": "NOASSERTION",
      "licenseDeclared": "NOASSERTION",
      "copyrightText": "NOASSERTION",
      "checksums": [
        {
          "algorithm": "SHA512",
          "checksumValue": "36afceae9a03c1543adb9c92fb9a9320b312282bfc8ac8db7b43983c2797c63f13ce94b8ae7aab2afa94ce68d53b6aa7a69efd8ab6b3711c072b89940d4ee734"
        }
      ]
    }
  ],
  "files": [
    {
      "fileName": "./E:/vcpkg/ports/libusb/portfile.cmake",
      "SPDXID": "SPDXRef-file-0",
      "checksums": [
        {
          "algorithm": "SHA256",
          "checksumValue": "c8055fc74fa94689e79f441a76341e8a77a83318947dbf09224defb5574fe397"
        }
      ],
      "licenseConcluded": "NOASSERTION",
      "copyrightText": "NOASSERTION"
    },
    {
      "fileName": "./E:/vcpkg/ports/libusb/usage",
      "SPDXID": "SPDXRef-file-1",
      "checksums": [
        {
          "algorithm": "SHA256",
          "checksumValue": "7169c8b91d8464b6b12b59ce8de4ccdbc08a168b674e2980d5ddde6c37b2f358"
        }
      ],
      "licenseConcluded": "NOASSERTION",
      "copyrightText": "NOASSERTION"
    },
    {
      "fileName": "./E:/vcpkg/ports/libusb/vcpkg.json",
      "SPDXID": "SPDXRef-file-2",
      "checksums": [
        {
          "algorithm": "SHA256",
          "checksumValue": "9126d0b1ab50b90e8f50dede7955ad23fc44ddd06ed6707761b14bb8a6a9874a"
        }
      ],
      "licenseConcluded": "NOASSERTION",
      "copyrightText": "NOASSERTION"
    }
  ]
}
