{
	"BUILD_DIR" : "F:/ShunscomTest/cmake-build-debug/ShunscomTest_autogen",
	"CMAKE_BINARY_DIR" : "F:/ShunscomTest/cmake-build-debug",
	"CMAKE_CURRENT_BINARY_DIR" : "F:/ShunscomTest/cmake-build-debug",
	"CMAKE_CURRENT_SOURCE_DIR" : "F:/ShunscomTest",
	"CMAKE_EXECUTABLE" : "E:/CodeDevelop/CLion 2023.2.2/bin/cmake/win/x64/bin/cmake.exe",
	"CMAKE_LIST_FILES" : 
	[
		"F:/ShunscomTest/CMakeLists.txt",
		"F:/ShunscomTest/cmake-build-debug/CMakeFiles/3.26.4/CMakeSystem.cmake",
		"E:/vcpkg/scripts/buildsystems/vcpkg.cmake",
		"E:/CodeDevelop/CLion 2023.2.2/bin/cmake/win/x64/share/cmake-3.26/Modules/CMakeDependentOption.cmake",
		"E:/CodeDevelop/CLion 2023.2.2/bin/cmake/win/x64/share/cmake-3.26/Modules/CMakeSystemSpecificInitialize.cmake",
		"F:/ShunscomTest/cmake-build-debug/CMakeFiles/3.26.4/CMakeCCompiler.cmake",
		"F:/ShunscomTest/cmake-build-debug/CMakeFiles/3.26.4/CMakeCXXCompiler.cmake",
		"E:/CodeDevelop/CLion 2023.2.2/bin/cmake/win/x64/share/cmake-3.26/Modules/CMakeSystemSpecificInformation.cmake",
		"E:/CodeDevelop/CLion 2023.2.2/bin/cmake/win/x64/share/cmake-3.26/Modules/CMakeGenericSystem.cmake",
		"E:/CodeDevelop/CLion 2023.2.2/bin/cmake/win/x64/share/cmake-3.26/Modules/CMakeInitializeConfigs.cmake",
		"E:/CodeDevelop/CLion 2023.2.2/bin/cmake/win/x64/share/cmake-3.26/Modules/Platform/Windows.cmake",
		"E:/CodeDevelop/CLion 2023.2.2/bin/cmake/win/x64/share/cmake-3.26/Modules/Platform/WindowsPaths.cmake",
		"E:/CodeDevelop/CLion 2023.2.2/bin/cmake/win/x64/share/cmake-3.26/Modules/CMakeCInformation.cmake",
		"E:/CodeDevelop/CLion 2023.2.2/bin/cmake/win/x64/share/cmake-3.26/Modules/CMakeLanguageInformation.cmake",
		"E:/CodeDevelop/CLion 2023.2.2/bin/cmake/win/x64/share/cmake-3.26/Modules/Compiler/GNU-C.cmake",
		"E:/CodeDevelop/CLion 2023.2.2/bin/cmake/win/x64/share/cmake-3.26/Modules/Compiler/GNU.cmake",
		"E:/CodeDevelop/CLion 2023.2.2/bin/cmake/win/x64/share/cmake-3.26/Modules/Compiler/CMakeCommonCompilerMacros.cmake",
		"E:/CodeDevelop/CLion 2023.2.2/bin/cmake/win/x64/share/cmake-3.26/Modules/Platform/Windows-GNU-C.cmake",
		"E:/CodeDevelop/CLion 2023.2.2/bin/cmake/win/x64/share/cmake-3.26/Modules/Platform/Windows-GNU.cmake",
		"F:/ShunscomTest/cmake-build-debug/CMakeFiles/3.26.4/CMakeRCCompiler.cmake",
		"E:/CodeDevelop/CLion 2023.2.2/bin/cmake/win/x64/share/cmake-3.26/Modules/CMakeRCInformation.cmake",
		"E:/CodeDevelop/CLion 2023.2.2/bin/cmake/win/x64/share/cmake-3.26/Modules/Platform/Windows-windres.cmake",
		"E:/CodeDevelop/CLion 2023.2.2/bin/cmake/win/x64/share/cmake-3.26/Modules/Platform/Windows-GNU-C-ABI.cmake",
		"E:/CodeDevelop/CLion 2023.2.2/bin/cmake/win/x64/share/cmake-3.26/Modules/CMakeCommonLanguageInclude.cmake",
		"E:/CodeDevelop/CLion 2023.2.2/bin/cmake/win/x64/share/cmake-3.26/Modules/CMakeCXXInformation.cmake",
		"E:/CodeDevelop/CLion 2023.2.2/bin/cmake/win/x64/share/cmake-3.26/Modules/CMakeLanguageInformation.cmake",
		"E:/CodeDevelop/CLion 2023.2.2/bin/cmake/win/x64/share/cmake-3.26/Modules/Compiler/GNU-CXX.cmake",
		"E:/CodeDevelop/CLion 2023.2.2/bin/cmake/win/x64/share/cmake-3.26/Modules/Compiler/GNU.cmake",
		"E:/CodeDevelop/CLion 2023.2.2/bin/cmake/win/x64/share/cmake-3.26/Modules/Platform/Windows-GNU-CXX.cmake",
		"E:/CodeDevelop/CLion 2023.2.2/bin/cmake/win/x64/share/cmake-3.26/Modules/Platform/Windows-GNU.cmake",
		"E:/CodeDevelop/CLion 2023.2.2/bin/cmake/win/x64/share/cmake-3.26/Modules/Platform/Windows-GNU-CXX-ABI.cmake",
		"E:/CodeDevelop/CLion 2023.2.2/bin/cmake/win/x64/share/cmake-3.26/Modules/CMakeCommonLanguageInclude.cmake",
		"F:/Qt/6.5.3/mingw_64/lib/cmake/Qt6/Qt6ConfigVersion.cmake",
		"F:/Qt/6.5.3/mingw_64/lib/cmake/Qt6/Qt6ConfigVersionImpl.cmake",
		"F:/Qt/6.5.3/mingw_64/lib/cmake/Qt6/Qt6Config.cmake",
		"F:/Qt/6.5.3/mingw_64/lib/cmake/Qt6/Qt6ConfigExtras.cmake",
		"F:/Qt/6.5.3/mingw_64/lib/cmake/Qt6/QtPublicCMakeVersionHelpers.cmake",
		"F:/Qt/6.5.3/mingw_64/lib/cmake/Qt6/Qt6Targets.cmake",
		"F:/Qt/6.5.3/mingw_64/lib/cmake/Qt6/Qt6VersionlessTargets.cmake",
		"F:/Qt/6.5.3/mingw_64/lib/cmake/Qt6/QtFeature.cmake",
		"F:/Qt/6.5.3/mingw_64/lib/cmake/Qt6/QtFeatureCommon.cmake",
		"E:/CodeDevelop/CLion 2023.2.2/bin/cmake/win/x64/share/cmake-3.26/Modules/CheckCXXCompilerFlag.cmake",
		"E:/CodeDevelop/CLion 2023.2.2/bin/cmake/win/x64/share/cmake-3.26/Modules/CheckCXXSourceCompiles.cmake",
		"E:/CodeDevelop/CLion 2023.2.2/bin/cmake/win/x64/share/cmake-3.26/Modules/Internal/CheckSourceCompiles.cmake",
		"E:/CodeDevelop/CLion 2023.2.2/bin/cmake/win/x64/share/cmake-3.26/Modules/Internal/CheckCompilerFlag.cmake",
		"E:/CodeDevelop/CLion 2023.2.2/bin/cmake/win/x64/share/cmake-3.26/Modules/Internal/CheckFlagCommonConfig.cmake",
		"E:/CodeDevelop/CLion 2023.2.2/bin/cmake/win/x64/share/cmake-3.26/Modules/Internal/CheckSourceCompiles.cmake",
		"E:/CodeDevelop/CLion 2023.2.2/bin/cmake/win/x64/share/cmake-3.26/Modules/CMakeCheckCompilerFlagCommonPatterns.cmake",
		"F:/Qt/6.5.3/mingw_64/lib/cmake/Qt6/QtPublicAppleHelpers.cmake",
		"F:/Qt/6.5.3/mingw_64/lib/cmake/Qt6/QtPublicFinalizerHelpers.cmake",
		"F:/Qt/6.5.3/mingw_64/lib/cmake/Qt6/QtPublicPluginHelpers.cmake",
		"F:/Qt/6.5.3/mingw_64/lib/cmake/Qt6/QtPublicTargetHelpers.cmake",
		"F:/Qt/6.5.3/mingw_64/lib/cmake/Qt6/QtPublicWalkLibsHelpers.cmake",
		"F:/Qt/6.5.3/mingw_64/lib/cmake/Qt6/QtPublicFindPackageHelpers.cmake",
		"F:/Qt/6.5.3/mingw_64/lib/cmake/Qt6/QtPublicDependencyHelpers.cmake",
		"F:/Qt/6.5.3/mingw_64/lib/cmake/Qt6/QtPublicTestHelpers.cmake",
		"F:/Qt/6.5.3/mingw_64/lib/cmake/Qt6/QtPublicToolHelpers.cmake",
		"F:/Qt/6.5.3/mingw_64/lib/cmake/Qt6/QtPublicCMakeHelpers.cmake",
		"E:/CodeDevelop/CLion 2023.2.2/bin/cmake/win/x64/share/cmake-3.26/Modules/CMakeFindDependencyMacro.cmake",
		"F:/Qt/6.5.3/mingw_64/lib/cmake/Qt6/Qt6Dependencies.cmake",
		"E:/CodeDevelop/CLion 2023.2.2/bin/cmake/win/x64/share/cmake-3.26/Modules/FindThreads.cmake",
		"E:/CodeDevelop/CLion 2023.2.2/bin/cmake/win/x64/share/cmake-3.26/Modules/CheckLibraryExists.cmake",
		"E:/CodeDevelop/CLion 2023.2.2/bin/cmake/win/x64/share/cmake-3.26/Modules/CheckIncludeFile.cmake",
		"E:/CodeDevelop/CLion 2023.2.2/bin/cmake/win/x64/share/cmake-3.26/Modules/CheckCSourceCompiles.cmake",
		"E:/CodeDevelop/CLion 2023.2.2/bin/cmake/win/x64/share/cmake-3.26/Modules/Internal/CheckSourceCompiles.cmake",
		"E:/CodeDevelop/CLion 2023.2.2/bin/cmake/win/x64/share/cmake-3.26/Modules/FindPackageHandleStandardArgs.cmake",
		"E:/CodeDevelop/CLion 2023.2.2/bin/cmake/win/x64/share/cmake-3.26/Modules/FindPackageMessage.cmake",
		"F:/Qt/6.5.3/mingw_64/lib/cmake/Qt6Core/Qt6CoreConfigVersion.cmake",
		"F:/Qt/6.5.3/mingw_64/lib/cmake/Qt6Core/Qt6CoreConfigVersionImpl.cmake",
		"F:/Qt/6.5.3/mingw_64/lib/cmake/Qt6Core/Qt6CoreConfig.cmake",
		"E:/CodeDevelop/CLion 2023.2.2/bin/cmake/win/x64/share/cmake-3.26/Modules/CMakeFindDependencyMacro.cmake",
		"F:/Qt/6.5.3/mingw_64/lib/cmake/Qt6Core/Qt6CoreDependencies.cmake",
		"F:/Qt/6.5.3/mingw_64/lib/cmake/Qt6/FindWrapAtomic.cmake",
		"E:/CodeDevelop/CLion 2023.2.2/bin/cmake/win/x64/share/cmake-3.26/Modules/CheckCXXSourceCompiles.cmake",
		"E:/CodeDevelop/CLion 2023.2.2/bin/cmake/win/x64/share/cmake-3.26/Modules/FindPackageHandleStandardArgs.cmake",
		"E:/CodeDevelop/CLion 2023.2.2/bin/cmake/win/x64/share/cmake-3.26/Modules/FindPackageMessage.cmake",
		"F:/Qt/6.5.3/mingw_64/lib/cmake/Qt6CoreTools/Qt6CoreToolsConfigVersion.cmake",
		"F:/Qt/6.5.3/mingw_64/lib/cmake/Qt6CoreTools/Qt6CoreToolsConfigVersionImpl.cmake",
		"F:/Qt/6.5.3/mingw_64/lib/cmake/Qt6CoreTools/Qt6CoreToolsConfig.cmake",
		"E:/CodeDevelop/CLion 2023.2.2/bin/cmake/win/x64/share/cmake-3.26/Modules/CMakeFindDependencyMacro.cmake",
		"F:/Qt/6.5.3/mingw_64/lib/cmake/Qt6CoreTools/Qt6CoreToolsDependencies.cmake",
		"F:/Qt/6.5.3/mingw_64/lib/cmake/Qt6CoreTools/Qt6CoreToolsTargets.cmake",
		"F:/Qt/6.5.3/mingw_64/lib/cmake/Qt6CoreTools/Qt6CoreToolsTargets-relwithdebinfo.cmake",
		"F:/Qt/6.5.3/mingw_64/lib/cmake/Qt6CoreTools/Qt6CoreToolsAdditionalTargetInfo.cmake",
		"F:/Qt/6.5.3/mingw_64/lib/cmake/Qt6CoreTools/Qt6CoreToolsVersionlessTargets.cmake",
		"F:/Qt/6.5.3/mingw_64/lib/cmake/Qt6ZlibPrivate/Qt6ZlibPrivateConfigVersion.cmake",
		"F:/Qt/6.5.3/mingw_64/lib/cmake/Qt6ZlibPrivate/Qt6ZlibPrivateConfigVersionImpl.cmake",
		"F:/Qt/6.5.3/mingw_64/lib/cmake/Qt6ZlibPrivate/Qt6ZlibPrivateConfig.cmake",
		"E:/CodeDevelop/CLion 2023.2.2/bin/cmake/win/x64/share/cmake-3.26/Modules/CMakeFindDependencyMacro.cmake",
		"F:/Qt/6.5.3/mingw_64/lib/cmake/Qt6ZlibPrivate/Qt6ZlibPrivateTargets.cmake",
		"F:/Qt/6.5.3/mingw_64/lib/cmake/Qt6ZlibPrivate/Qt6ZlibPrivateAdditionalTargetInfo.cmake",
		"F:/Qt/6.5.3/mingw_64/lib/cmake/Qt6ZlibPrivate/Qt6ZlibPrivateVersionlessTargets.cmake",
		"F:/Qt/6.5.3/mingw_64/lib/cmake/Qt6EntryPointPrivate/Qt6EntryPointPrivateConfigVersion.cmake",
		"F:/Qt/6.5.3/mingw_64/lib/cmake/Qt6EntryPointPrivate/Qt6EntryPointPrivateConfigVersionImpl.cmake",
		"F:/Qt/6.5.3/mingw_64/lib/cmake/Qt6EntryPointPrivate/Qt6EntryPointPrivateConfig.cmake",
		"E:/CodeDevelop/CLion 2023.2.2/bin/cmake/win/x64/share/cmake-3.26/Modules/CMakeFindDependencyMacro.cmake",
		"F:/Qt/6.5.3/mingw_64/lib/cmake/Qt6EntryPointPrivate/Qt6EntryPointPrivateTargets.cmake",
		"F:/Qt/6.5.3/mingw_64/lib/cmake/Qt6EntryPointPrivate/Qt6EntryPointPrivateTargets-relwithdebinfo.cmake",
		"F:/Qt/6.5.3/mingw_64/lib/cmake/Qt6EntryPointPrivate/Qt6EntryPointPrivateAdditionalTargetInfo.cmake",
		"F:/Qt/6.5.3/mingw_64/lib/cmake/Qt6EntryPointPrivate/Qt6EntryPointPrivateVersionlessTargets.cmake",
		"F:/Qt/6.5.3/mingw_64/lib/cmake/Qt6EntryPointPrivate/Qt6EntryPointMinGW32Target.cmake",
		"F:/Qt/6.5.3/mingw_64/lib/cmake/Qt6Core/Qt6CoreTargets.cmake",
		"F:/Qt/6.5.3/mingw_64/lib/cmake/Qt6Core/Qt6CoreTargets-relwithdebinfo.cmake",
		"F:/Qt/6.5.3/mingw_64/lib/cmake/Qt6Core/Qt6CoreAdditionalTargetInfo.cmake",
		"F:/Qt/6.5.3/mingw_64/lib/cmake/Qt6Core/Qt6CoreVersionlessTargets.cmake",
		"F:/Qt/6.5.3/mingw_64/lib/cmake/Qt6Core/Qt6CoreMacros.cmake",
		"F:/Qt/6.5.3/mingw_64/lib/cmake/Qt6Core/Qt6CoreConfigExtras.cmake",
		"F:/Qt/6.5.3/mingw_64/lib/cmake/Qt6Core/QtInstallPaths.cmake",
		"E:/CodeDevelop/CLion 2023.2.2/bin/cmake/win/x64/share/cmake-3.26/Modules/GNUInstallDirs.cmake",
		"F:/Qt/6.5.3/mingw_64/lib/cmake/Qt6Gui/Qt6GuiConfigVersion.cmake",
		"F:/Qt/6.5.3/mingw_64/lib/cmake/Qt6Gui/Qt6GuiConfigVersionImpl.cmake",
		"F:/Qt/6.5.3/mingw_64/lib/cmake/Qt6Gui/Qt6GuiConfig.cmake",
		"E:/CodeDevelop/CLion 2023.2.2/bin/cmake/win/x64/share/cmake-3.26/Modules/CMakeFindDependencyMacro.cmake",
		"F:/Qt/6.5.3/mingw_64/lib/cmake/Qt6Gui/Qt6GuiDependencies.cmake",
		"F:/Qt/6.5.3/mingw_64/lib/cmake/Qt6/FindWrapVulkanHeaders.cmake",
		"E:/CodeDevelop/CLion 2023.2.2/bin/cmake/win/x64/share/cmake-3.26/Modules/FindVulkan.cmake",
		"E:/CodeDevelop/CLion 2023.2.2/bin/cmake/win/x64/share/cmake-3.26/Modules/FindPackageHandleStandardArgs.cmake",
		"E:/CodeDevelop/CLion 2023.2.2/bin/cmake/win/x64/share/cmake-3.26/Modules/FindPackageMessage.cmake",
		"E:/CodeDevelop/CLion 2023.2.2/bin/cmake/win/x64/share/cmake-3.26/Modules/FindPackageHandleStandardArgs.cmake",
		"E:/CodeDevelop/CLion 2023.2.2/bin/cmake/win/x64/share/cmake-3.26/Modules/FindPackageMessage.cmake",
		"F:/Qt/6.5.3/mingw_64/lib/cmake/Qt6GuiTools/Qt6GuiToolsConfigVersion.cmake",
		"F:/Qt/6.5.3/mingw_64/lib/cmake/Qt6GuiTools/Qt6GuiToolsConfigVersionImpl.cmake",
		"F:/Qt/6.5.3/mingw_64/lib/cmake/Qt6GuiTools/Qt6GuiToolsConfig.cmake",
		"E:/CodeDevelop/CLion 2023.2.2/bin/cmake/win/x64/share/cmake-3.26/Modules/CMakeFindDependencyMacro.cmake",
		"F:/Qt/6.5.3/mingw_64/lib/cmake/Qt6GuiTools/Qt6GuiToolsDependencies.cmake",
		"F:/Qt/6.5.3/mingw_64/lib/cmake/Qt6GuiTools/Qt6GuiToolsTargets.cmake",
		"F:/Qt/6.5.3/mingw_64/lib/cmake/Qt6GuiTools/Qt6GuiToolsTargets-relwithdebinfo.cmake",
		"F:/Qt/6.5.3/mingw_64/lib/cmake/Qt6GuiTools/Qt6GuiToolsAdditionalTargetInfo.cmake",
		"F:/Qt/6.5.3/mingw_64/lib/cmake/Qt6GuiTools/Qt6GuiToolsVersionlessTargets.cmake",
		"F:/Qt/6.5.3/mingw_64/lib/cmake/Qt6Gui/Qt6GuiTargets.cmake",
		"F:/Qt/6.5.3/mingw_64/lib/cmake/Qt6Gui/Qt6GuiTargets-relwithdebinfo.cmake",
		"F:/Qt/6.5.3/mingw_64/lib/cmake/Qt6Gui/Qt6GuiAdditionalTargetInfo.cmake",
		"F:/Qt/6.5.3/mingw_64/lib/cmake/Qt6Gui/Qt6GuiVersionlessTargets.cmake",
		"F:/Qt/6.5.3/mingw_64/lib/cmake/Qt6Gui/Qt6GuiPlugins.cmake",
		"F:/Qt/6.5.3/mingw_64/lib/cmake/Qt6Gui/Qt6QGifPluginConfig.cmake",
		"E:/CodeDevelop/CLion 2023.2.2/bin/cmake/win/x64/share/cmake-3.26/Modules/CMakeFindDependencyMacro.cmake",
		"F:/Qt/6.5.3/mingw_64/lib/cmake/Qt6Gui/Qt6QGifPluginTargets.cmake",
		"F:/Qt/6.5.3/mingw_64/lib/cmake/Qt6Gui/Qt6QGifPluginTargets-relwithdebinfo.cmake",
		"F:/Qt/6.5.3/mingw_64/lib/cmake/Qt6Gui/Qt6QGifPluginAdditionalTargetInfo.cmake",
		"F:/Qt/6.5.3/mingw_64/lib/cmake/Qt6Gui/Qt6QICNSPluginConfig.cmake",
		"E:/CodeDevelop/CLion 2023.2.2/bin/cmake/win/x64/share/cmake-3.26/Modules/CMakeFindDependencyMacro.cmake",
		"F:/Qt/6.5.3/mingw_64/lib/cmake/Qt6Gui/Qt6QICNSPluginTargets.cmake",
		"F:/Qt/6.5.3/mingw_64/lib/cmake/Qt6Gui/Qt6QICNSPluginTargets-relwithdebinfo.cmake",
		"F:/Qt/6.5.3/mingw_64/lib/cmake/Qt6Gui/Qt6QICNSPluginAdditionalTargetInfo.cmake",
		"F:/Qt/6.5.3/mingw_64/lib/cmake/Qt6Gui/Qt6QICOPluginConfig.cmake",
		"E:/CodeDevelop/CLion 2023.2.2/bin/cmake/win/x64/share/cmake-3.26/Modules/CMakeFindDependencyMacro.cmake",
		"F:/Qt/6.5.3/mingw_64/lib/cmake/Qt6Gui/Qt6QICOPluginTargets.cmake",
		"F:/Qt/6.5.3/mingw_64/lib/cmake/Qt6Gui/Qt6QICOPluginTargets-relwithdebinfo.cmake",
		"F:/Qt/6.5.3/mingw_64/lib/cmake/Qt6Gui/Qt6QICOPluginAdditionalTargetInfo.cmake",
		"F:/Qt/6.5.3/mingw_64/lib/cmake/Qt6Gui/Qt6QInsightTrackerPluginConfig.cmake",
		"E:/CodeDevelop/CLion 2023.2.2/bin/cmake/win/x64/share/cmake-3.26/Modules/CMakeFindDependencyMacro.cmake",
		"F:/Qt/6.5.3/mingw_64/lib/cmake/Qt6Gui/Qt6QInsightTrackerPluginTargets.cmake",
		"F:/Qt/6.5.3/mingw_64/lib/cmake/Qt6Gui/Qt6QInsightTrackerPluginTargets-relwithdebinfo.cmake",
		"F:/Qt/6.5.3/mingw_64/lib/cmake/Qt6Gui/Qt6QInsightTrackerPluginAdditionalTargetInfo.cmake",
		"F:/Qt/6.5.3/mingw_64/lib/cmake/Qt6Gui/Qt6QJpegPluginConfig.cmake",
		"E:/CodeDevelop/CLion 2023.2.2/bin/cmake/win/x64/share/cmake-3.26/Modules/CMakeFindDependencyMacro.cmake",
		"F:/Qt/6.5.3/mingw_64/lib/cmake/Qt6Gui/Qt6QJpegPluginTargets.cmake",
		"F:/Qt/6.5.3/mingw_64/lib/cmake/Qt6Gui/Qt6QJpegPluginTargets-relwithdebinfo.cmake",
		"F:/Qt/6.5.3/mingw_64/lib/cmake/Qt6Gui/Qt6QJpegPluginAdditionalTargetInfo.cmake",
		"F:/Qt/6.5.3/mingw_64/lib/cmake/Qt6Gui/Qt6QMinimalIntegrationPluginConfig.cmake",
		"E:/CodeDevelop/CLion 2023.2.2/bin/cmake/win/x64/share/cmake-3.26/Modules/CMakeFindDependencyMacro.cmake",
		"F:/Qt/6.5.3/mingw_64/lib/cmake/Qt6Gui/Qt6QMinimalIntegrationPluginTargets.cmake",
		"F:/Qt/6.5.3/mingw_64/lib/cmake/Qt6Gui/Qt6QMinimalIntegrationPluginTargets-relwithdebinfo.cmake",
		"F:/Qt/6.5.3/mingw_64/lib/cmake/Qt6Gui/Qt6QMinimalIntegrationPluginAdditionalTargetInfo.cmake",
		"F:/Qt/6.5.3/mingw_64/lib/cmake/Qt6Gui/Qt6QOffscreenIntegrationPluginConfig.cmake",
		"E:/CodeDevelop/CLion 2023.2.2/bin/cmake/win/x64/share/cmake-3.26/Modules/CMakeFindDependencyMacro.cmake",
		"F:/Qt/6.5.3/mingw_64/lib/cmake/Qt6Gui/Qt6QOffscreenIntegrationPluginTargets.cmake",
		"F:/Qt/6.5.3/mingw_64/lib/cmake/Qt6Gui/Qt6QOffscreenIntegrationPluginTargets-relwithdebinfo.cmake",
		"F:/Qt/6.5.3/mingw_64/lib/cmake/Qt6Gui/Qt6QOffscreenIntegrationPluginAdditionalTargetInfo.cmake",
		"F:/Qt/6.5.3/mingw_64/lib/cmake/Qt6Gui/Qt6QSvgIconPluginConfig.cmake",
		"E:/CodeDevelop/CLion 2023.2.2/bin/cmake/win/x64/share/cmake-3.26/Modules/CMakeFindDependencyMacro.cmake",
		"F:/Qt/6.5.3/mingw_64/lib/cmake/Qt6Gui/Qt6QSvgIconPluginTargets.cmake",
		"F:/Qt/6.5.3/mingw_64/lib/cmake/Qt6Gui/Qt6QSvgIconPluginTargets-relwithdebinfo.cmake",
		"F:/Qt/6.5.3/mingw_64/lib/cmake/Qt6Gui/Qt6QSvgIconPluginAdditionalTargetInfo.cmake",
		"F:/Qt/6.5.3/mingw_64/lib/cmake/Qt6Gui/Qt6QSvgPluginConfig.cmake",
		"E:/CodeDevelop/CLion 2023.2.2/bin/cmake/win/x64/share/cmake-3.26/Modules/CMakeFindDependencyMacro.cmake",
		"F:/Qt/6.5.3/mingw_64/lib/cmake/Qt6Gui/Qt6QSvgPluginTargets.cmake",
		"F:/Qt/6.5.3/mingw_64/lib/cmake/Qt6Gui/Qt6QSvgPluginTargets-relwithdebinfo.cmake",
		"F:/Qt/6.5.3/mingw_64/lib/cmake/Qt6Gui/Qt6QSvgPluginAdditionalTargetInfo.cmake",
		"F:/Qt/6.5.3/mingw_64/lib/cmake/Qt6Gui/Qt6QTgaPluginConfig.cmake",
		"E:/CodeDevelop/CLion 2023.2.2/bin/cmake/win/x64/share/cmake-3.26/Modules/CMakeFindDependencyMacro.cmake",
		"F:/Qt/6.5.3/mingw_64/lib/cmake/Qt6Gui/Qt6QTgaPluginTargets.cmake",
		"F:/Qt/6.5.3/mingw_64/lib/cmake/Qt6Gui/Qt6QTgaPluginTargets-relwithdebinfo.cmake",
		"F:/Qt/6.5.3/mingw_64/lib/cmake/Qt6Gui/Qt6QTgaPluginAdditionalTargetInfo.cmake",
		"F:/Qt/6.5.3/mingw_64/lib/cmake/Qt6Gui/Qt6QTiffPluginConfig.cmake",
		"E:/CodeDevelop/CLion 2023.2.2/bin/cmake/win/x64/share/cmake-3.26/Modules/CMakeFindDependencyMacro.cmake",
		"F:/Qt/6.5.3/mingw_64/lib/cmake/Qt6Gui/Qt6QTiffPluginTargets.cmake",
		"F:/Qt/6.5.3/mingw_64/lib/cmake/Qt6Gui/Qt6QTiffPluginTargets-relwithdebinfo.cmake",
		"F:/Qt/6.5.3/mingw_64/lib/cmake/Qt6Gui/Qt6QTiffPluginAdditionalTargetInfo.cmake",
		"F:/Qt/6.5.3/mingw_64/lib/cmake/Qt6Gui/Qt6QTuioTouchPluginConfig.cmake",
		"E:/CodeDevelop/CLion 2023.2.2/bin/cmake/win/x64/share/cmake-3.26/Modules/CMakeFindDependencyMacro.cmake",
		"F:/Qt/6.5.3/mingw_64/lib/cmake/Qt6Gui/Qt6QTuioTouchPluginTargets.cmake",
		"F:/Qt/6.5.3/mingw_64/lib/cmake/Qt6Gui/Qt6QTuioTouchPluginTargets-relwithdebinfo.cmake",
		"F:/Qt/6.5.3/mingw_64/lib/cmake/Qt6Gui/Qt6QTuioTouchPluginAdditionalTargetInfo.cmake",
		"F:/Qt/6.5.3/mingw_64/lib/cmake/Qt6Gui/Qt6QVirtualKeyboardPluginConfig.cmake",
		"E:/CodeDevelop/CLion 2023.2.2/bin/cmake/win/x64/share/cmake-3.26/Modules/CMakeFindDependencyMacro.cmake",
		"F:/Qt/6.5.3/mingw_64/lib/cmake/Qt6Gui/Qt6QVirtualKeyboardPluginTargets.cmake",
		"F:/Qt/6.5.3/mingw_64/lib/cmake/Qt6Gui/Qt6QVirtualKeyboardPluginTargets-relwithdebinfo.cmake",
		"F:/Qt/6.5.3/mingw_64/lib/cmake/Qt6Gui/Qt6QVirtualKeyboardPluginAdditionalTargetInfo.cmake",
		"F:/Qt/6.5.3/mingw_64/lib/cmake/Qt6Gui/Qt6QWbmpPluginConfig.cmake",
		"E:/CodeDevelop/CLion 2023.2.2/bin/cmake/win/x64/share/cmake-3.26/Modules/CMakeFindDependencyMacro.cmake",
		"F:/Qt/6.5.3/mingw_64/lib/cmake/Qt6Gui/Qt6QWbmpPluginTargets.cmake",
		"F:/Qt/6.5.3/mingw_64/lib/cmake/Qt6Gui/Qt6QWbmpPluginTargets-relwithdebinfo.cmake",
		"F:/Qt/6.5.3/mingw_64/lib/cmake/Qt6Gui/Qt6QWbmpPluginAdditionalTargetInfo.cmake",
		"F:/Qt/6.5.3/mingw_64/lib/cmake/Qt6Gui/Qt6QWebpPluginConfig.cmake",
		"E:/CodeDevelop/CLion 2023.2.2/bin/cmake/win/x64/share/cmake-3.26/Modules/CMakeFindDependencyMacro.cmake",
		"F:/Qt/6.5.3/mingw_64/lib/cmake/Qt6Gui/Qt6QWebpPluginTargets.cmake",
		"F:/Qt/6.5.3/mingw_64/lib/cmake/Qt6Gui/Qt6QWebpPluginTargets-relwithdebinfo.cmake",
		"F:/Qt/6.5.3/mingw_64/lib/cmake/Qt6Gui/Qt6QWebpPluginAdditionalTargetInfo.cmake",
		"F:/Qt/6.5.3/mingw_64/lib/cmake/Qt6Gui/Qt6QWindowsDirect2DIntegrationPluginConfig.cmake",
		"E:/CodeDevelop/CLion 2023.2.2/bin/cmake/win/x64/share/cmake-3.26/Modules/CMakeFindDependencyMacro.cmake",
		"F:/Qt/6.5.3/mingw_64/lib/cmake/Qt6Gui/Qt6QWindowsDirect2DIntegrationPluginTargets.cmake",
		"F:/Qt/6.5.3/mingw_64/lib/cmake/Qt6Gui/Qt6QWindowsDirect2DIntegrationPluginTargets-relwithdebinfo.cmake",
		"F:/Qt/6.5.3/mingw_64/lib/cmake/Qt6Gui/Qt6QWindowsDirect2DIntegrationPluginAdditionalTargetInfo.cmake",
		"F:/Qt/6.5.3/mingw_64/lib/cmake/Qt6Gui/Qt6QWindowsIntegrationPluginConfig.cmake",
		"E:/CodeDevelop/CLion 2023.2.2/bin/cmake/win/x64/share/cmake-3.26/Modules/CMakeFindDependencyMacro.cmake",
		"F:/Qt/6.5.3/mingw_64/lib/cmake/Qt6Gui/Qt6QWindowsIntegrationPluginTargets.cmake",
		"F:/Qt/6.5.3/mingw_64/lib/cmake/Qt6Gui/Qt6QWindowsIntegrationPluginTargets-relwithdebinfo.cmake",
		"F:/Qt/6.5.3/mingw_64/lib/cmake/Qt6Gui/Qt6QWindowsIntegrationPluginAdditionalTargetInfo.cmake",
		"F:/Qt/6.5.3/mingw_64/lib/cmake/Qt6Widgets/Qt6WidgetsConfigVersion.cmake",
		"F:/Qt/6.5.3/mingw_64/lib/cmake/Qt6Widgets/Qt6WidgetsConfigVersionImpl.cmake",
		"F:/Qt/6.5.3/mingw_64/lib/cmake/Qt6Widgets/Qt6WidgetsConfig.cmake",
		"E:/CodeDevelop/CLion 2023.2.2/bin/cmake/win/x64/share/cmake-3.26/Modules/CMakeFindDependencyMacro.cmake",
		"F:/Qt/6.5.3/mingw_64/lib/cmake/Qt6Widgets/Qt6WidgetsDependencies.cmake",
		"F:/Qt/6.5.3/mingw_64/lib/cmake/Qt6WidgetsTools/Qt6WidgetsToolsConfigVersion.cmake",
		"F:/Qt/6.5.3/mingw_64/lib/cmake/Qt6WidgetsTools/Qt6WidgetsToolsConfigVersionImpl.cmake",
		"F:/Qt/6.5.3/mingw_64/lib/cmake/Qt6WidgetsTools/Qt6WidgetsToolsConfig.cmake",
		"E:/CodeDevelop/CLion 2023.2.2/bin/cmake/win/x64/share/cmake-3.26/Modules/CMakeFindDependencyMacro.cmake",
		"F:/Qt/6.5.3/mingw_64/lib/cmake/Qt6WidgetsTools/Qt6WidgetsToolsDependencies.cmake",
		"F:/Qt/6.5.3/mingw_64/lib/cmake/Qt6WidgetsTools/Qt6WidgetsToolsTargets.cmake",
		"F:/Qt/6.5.3/mingw_64/lib/cmake/Qt6WidgetsTools/Qt6WidgetsToolsTargets-relwithdebinfo.cmake",
		"F:/Qt/6.5.3/mingw_64/lib/cmake/Qt6WidgetsTools/Qt6WidgetsToolsAdditionalTargetInfo.cmake",
		"F:/Qt/6.5.3/mingw_64/lib/cmake/Qt6WidgetsTools/Qt6WidgetsToolsVersionlessTargets.cmake",
		"F:/Qt/6.5.3/mingw_64/lib/cmake/Qt6Widgets/Qt6WidgetsTargets.cmake",
		"F:/Qt/6.5.3/mingw_64/lib/cmake/Qt6Widgets/Qt6WidgetsTargets-relwithdebinfo.cmake",
		"F:/Qt/6.5.3/mingw_64/lib/cmake/Qt6Widgets/Qt6WidgetsAdditionalTargetInfo.cmake",
		"F:/Qt/6.5.3/mingw_64/lib/cmake/Qt6Widgets/Qt6WidgetsVersionlessTargets.cmake",
		"F:/Qt/6.5.3/mingw_64/lib/cmake/Qt6Widgets/Qt6WidgetsMacros.cmake",
		"F:/Qt/6.5.3/mingw_64/lib/cmake/Qt6Widgets/Qt6WidgetsPlugins.cmake",
		"F:/Qt/6.5.3/mingw_64/lib/cmake/Qt6Widgets/Qt6QWindowsVistaStylePluginConfig.cmake",
		"E:/CodeDevelop/CLion 2023.2.2/bin/cmake/win/x64/share/cmake-3.26/Modules/CMakeFindDependencyMacro.cmake",
		"F:/Qt/6.5.3/mingw_64/lib/cmake/Qt6Widgets/Qt6QWindowsVistaStylePluginTargets.cmake",
		"F:/Qt/6.5.3/mingw_64/lib/cmake/Qt6Widgets/Qt6QWindowsVistaStylePluginTargets-relwithdebinfo.cmake",
		"F:/Qt/6.5.3/mingw_64/lib/cmake/Qt6Widgets/Qt6QWindowsVistaStylePluginAdditionalTargetInfo.cmake",
		"E:/CodeDevelop/CLion 2023.2.2/bin/cmake/win/x64/share/cmake-3.26/Modules/FindPkgConfig.cmake",
		"E:/CodeDevelop/CLion 2023.2.2/bin/cmake/win/x64/share/cmake-3.26/Modules/FindPackageHandleStandardArgs.cmake",
		"E:/CodeDevelop/CLion 2023.2.2/bin/cmake/win/x64/share/cmake-3.26/Modules/FindPackageMessage.cmake",
		"F:/ShunscomTest/vcpkg.json"
	],
	"CMAKE_SOURCE_DIR" : "F:/ShunscomTest",
	"DEP_FILE" : "F:/ShunscomTest/cmake-build-debug/ShunscomTest_autogen/deps",
	"DEP_FILE_RULE_NAME" : "ShunscomTest_autogen/timestamp",
	"HEADERS" : 
	[
		[
			"F:/ShunscomTest/createlib/iolib/FileIO.h",
			"MU",
			"T3J2IMZMSR/moc_FileIO.cpp",
			null
		],
		[
			"F:/ShunscomTest/createlib/iolib/HdlcMixin.h",
			"MU",
			"T3J2IMZMSR/moc_HdlcMixin.cpp",
			null
		],
		[
			"F:/ShunscomTest/createlib/iolib/QualCommDMSerial.h",
			"MU",
			"T3J2IMZMSR/moc_QualCommDMSerial.cpp",
			null
		],
		[
			"F:/ShunscomTest/createlib/iolib/SerialIO.h",
			"MU",
			"T3J2IMZMSR/moc_SerialIO.cpp",
			null
		],
		[
			"F:/ShunscomTest/createlib/iolib/USBIO.h",
			"MU",
			"T3J2IMZMSR/moc_USBIO.cpp",
			null
		],
		[
			"F:/ShunscomTest/createlib/utils/charutil.h",
			"MU",
			"EPBFTAV6LD/moc_charutil.cpp",
			null
		],
		[
			"F:/ShunscomTest/createlib/utils/logger.h",
			"MU",
			"EPBFTAV6LD/moc_logger.cpp",
			null
		],
		[
			"F:/ShunscomTest/createlib/utils/numberhelp.h",
			"MU",
			"EPBFTAV6LD/moc_numberhelp.cpp",
			null
		],
		[
			"F:/ShunscomTest/createlib/utils/qualcommcommand.h",
			"MU",
			"EPBFTAV6LD/moc_qualcommcommand.cpp",
			null
		],
		[
			"F:/ShunscomTest/createlib/utils/tinyxml2.h",
			"MU",
			"EPBFTAV6LD/moc_tinyxml2.cpp",
			null
		],
		[
			"F:/ShunscomTest/createlib/utils/xmlhelp.h",
			"MU",
			"EPBFTAV6LD/moc_xmlhelp.cpp",
			null
		],
		[ "F:/ShunscomTest/test/test.h", "MU", "7HEK2XT3N7/moc_test.cpp", null ]
	],
	"HEADER_EXTENSIONS" : [ "h", "hh", "h++", "hm", "hpp", "hxx", "in", "txx" ],
	"INCLUDE_DIR" : "F:/ShunscomTest/cmake-build-debug/ShunscomTest_autogen/include",
	"MOC_COMPILATION_FILE" : "F:/ShunscomTest/cmake-build-debug/ShunscomTest_autogen/mocs_compilation.cpp",
	"MOC_DEFINITIONS" : 
	[
		"MINGW_HAS_SECURE_API=1",
		"QT_CORE_LIB",
		"QT_GUI_LIB",
		"QT_WIDGETS_LIB",
		"UNICODE",
		"WIN32",
		"WIN64",
		"_ENABLE_EXTENDED_ALIGNED_STORAGE",
		"_UNICODE",
		"_WIN64"
	],
	"MOC_DEPEND_FILTERS" : 
	[
		[
			"Q_PLUGIN_METADATA",
			"[\n][ \t]*Q_PLUGIN_METADATA[ \t]*\\([^\\)]*FILE[ \t]*\"([^\"]+)\""
		]
	],
	"MOC_INCLUDES" : 
	[
		"F:/ShunscomTest/F:/ShunscomTest/vcpkg_installed/x64-windows/include/libusb-1.0",
		"F:/Qt/6.5.3/mingw_64/include/QtCore",
		"F:/Qt/6.5.3/mingw_64/include",
		"F:/Qt/6.5.3/mingw_64/mkspecs/win32-g++",
		"F:/Qt/6.5.3/mingw_64/include/QtGui",
		"F:/Qt/6.5.3/mingw_64/include/QtWidgets",
		"F:/ShunscomTest/vcpkg_installed/x64-windows/include/libusb-1.0",
		"E:/CodeDevelop/CLion 2023.2.2/bin/mingw/lib/gcc/x86_64-w64-mingw32/13.1.0/include/c++",
		"E:/CodeDevelop/CLion 2023.2.2/bin/mingw/lib/gcc/x86_64-w64-mingw32/13.1.0/include/c++/x86_64-w64-mingw32",
		"E:/CodeDevelop/CLion 2023.2.2/bin/mingw/lib/gcc/x86_64-w64-mingw32/13.1.0/include/c++/backward",
		"E:/CodeDevelop/CLion 2023.2.2/bin/mingw/lib/gcc/x86_64-w64-mingw32/13.1.0/include",
		"E:/CodeDevelop/CLion 2023.2.2/bin/mingw/include",
		"E:/CodeDevelop/CLion 2023.2.2/bin/mingw/lib/gcc/x86_64-w64-mingw32/13.1.0/include-fixed",
		"E:/CodeDevelop/CLion 2023.2.2/bin/mingw/x86_64-w64-mingw32/include"
	],
	"MOC_MACRO_NAMES" : 
	[
		"Q_OBJECT",
		"Q_GADGET",
		"Q_NAMESPACE",
		"Q_NAMESPACE_EXPORT",
		"Q_GADGET_EXPORT"
	],
	"MOC_OPTIONS" : [],
	"MOC_PATH_PREFIX" : false,
	"MOC_PREDEFS_CMD" : 
	[
		"E:/CodeDevelop/CLion 2023.2.2/bin/mingw/bin/g++.exe",
		"-dM",
		"-E",
		"-c",
		"E:/CodeDevelop/CLion 2023.2.2/bin/cmake/win/x64/share/cmake-3.26/Modules/CMakeCXXCompilerABI.cpp"
	],
	"MOC_PREDEFS_FILE" : "F:/ShunscomTest/cmake-build-debug/ShunscomTest_autogen/moc_predefs.h",
	"MOC_RELAXED_MODE" : false,
	"MOC_SKIP" : [],
	"MULTI_CONFIG" : false,
	"PARALLEL" : 6,
	"PARSE_CACHE_FILE" : "F:/ShunscomTest/cmake-build-debug/CMakeFiles/ShunscomTest_autogen.dir/ParseCache.txt",
	"QT_MOC_EXECUTABLE" : "F:/Qt/6.5.3/mingw_64/./bin/moc.exe",
	"QT_UIC_EXECUTABLE" : "F:/Qt/6.5.3/mingw_64/./bin/uic.exe",
	"QT_VERSION_MAJOR" : 6,
	"QT_VERSION_MINOR" : 5,
	"SETTINGS_FILE" : "F:/ShunscomTest/cmake-build-debug/CMakeFiles/ShunscomTest_autogen.dir/AutogenUsed.txt",
	"SOURCES" : 
	[
		[ "F:/ShunscomTest/createlib/iolib/FileIO.cpp", "MU", null ],
		[ "F:/ShunscomTest/createlib/iolib/HdlcMixin.cpp", "MU", null ],
		[ "F:/ShunscomTest/createlib/iolib/QualCommDMSerial.cpp", "MU", null ],
		[ "F:/ShunscomTest/createlib/iolib/SerialIO.cpp", "MU", null ],
		[ "F:/ShunscomTest/createlib/iolib/USBIO.cpp", "MU", null ],
		[ "F:/ShunscomTest/createlib/utils/charutil.cpp", "MU", null ],
		[ "F:/ShunscomTest/createlib/utils/logger.cpp", "MU", null ],
		[ "F:/ShunscomTest/createlib/utils/numberhelp.cpp", "MU", null ],
		[ "F:/ShunscomTest/createlib/utils/tinyxml2.cpp", "MU", null ],
		[ "F:/ShunscomTest/createlib/utils/xmlhelp.cpp", "MU", null ],
		[ "F:/ShunscomTest/main/main.cpp", "MU", null ]
	],
	"UIC_OPTIONS" : [],
	"UIC_SEARCH_PATHS" : [],
	"UIC_SKIP" : [],
	"UIC_UI_FILES" : [],
	"VERBOSITY" : 0
}
