{
  "$schema": "https://raw.githubusercontent.com/spdx/spdx-spec/v2.2.1/schemas/spdx-schema.json",
  "spdxVersion": "SPDX-2.2",
  "dataLicense": "CC0-1.0",
  "SPDXID": "SPDXRef-DOCUMENT",
  "documentNamespace": "https://spdx.org/spdxdocs/tinyxml2-x64-windows-10.0.0-6a9f8435-7c60-4e2e-a6fc-e5535d8cbd05",
  "name": "tinyxml2:x64-windows@10.0.0 cc70a98e0f4697f5f68b3f8bd09c4f1d8c6df4da2a606990c8d8668db90b6a6b",
  "creationInfo": {
    "creators": [
      "Tool: vcpkg-2024-10-18-e392d7347fe72dff56e7857f7571c22301237ae6"
    ],
    "created": "2024-11-16T04:05:40Z"
  },
  "relationships": [
    {
      "spdxElementId": "SPDXRef-port",
      "relationshipType": "GENERATES",
      "relatedSpdxElement": "SPDXRef-binary"
    },
    {
      "spdxElementId": "SPDXRef-port",
      "relationshipType": "CONTAINS",
      "relatedSpdxElement": "SPDXRef-file-0"
    },
    {
      "spdxElementId": "SPDXRef-port",
      "relationshipType": "CONTAINS",
      "relatedSpdxElement": "SPDXRef-file-1"
    },
    {
      "spdxElementId": "SPDXRef-port",
      "relationshipType": "CONTAINS",
      "relatedSpdxElement": "SPDXRef-file-2"
    },
    {
      "spdxElementId": "SPDXRef-port",
      "relationshipType": "CONTAINS",
      "relatedSpdxElement": "SPDXRef-file-3"
    },
    {
      "spdxElementId": "SPDXRef-port",
      "relationshipType": "CONTAINS",
      "relatedSpdxElement": "SPDXRef-file-4"
    },
    {
      "spdxElementId": "SPDXRef-binary",
      "relationshipType": "GENERATED_FROM",
      "relatedSpdxElement": "SPDXRef-port"
    },
    {
      "spdxElementId": "SPDXRef-file-0",
      "relationshipType": "CONTAINED_BY",
      "relatedSpdxElement": "SPDXRef-port"
    },
    {
      "spdxElementId": "SPDXRef-file-1",
      "relationshipType": "CONTAINED_BY",
      "relatedSpdxElement": "SPDXRef-port"
    },
    {
      "spdxElementId": "SPDXRef-file-2",
      "relationshipType": "CONTAINED_BY",
      "relatedSpdxElement": "SPDXRef-port"
    },
    {
      "spdxElementId": "SPDXRef-file-3",
      "relationshipType": "CONTAINED_BY",
      "relatedSpdxElement": "SPDXRef-port"
    },
    {
      "spdxElementId": "SPDXRef-file-4",
      "relationshipType": "CONTAINED_BY",
      "relatedSpdxElement": "SPDXRef-port"
    }
  ],
  "packages": [
    {
      "name": "tinyxml2",
      "SPDXID": "SPDXRef-port",
      "versionInfo": "10.0.0",
      "downloadLocation": "git+https://github.com/Microsoft/vcpkg@e7763e8defdfa46b8d2e399756511f0c7ff00448",
      "homepage": "https://github.com/leethomason/tinyxml2",
      "licenseConcluded": "Zlib",
      "licenseDeclared": "NOASSERTION",
      "copyrightText": "NOASSERTION",
      "description": "A simple, small, efficient, C++ XML parser",
      "comment": "This is the port (recipe) consumed by vcpkg."
    },
    {
      "name": "tinyxml2:x64-windows",
      "SPDXID": "SPDXRef-binary",
      "versionInfo": "cc70a98e0f4697f5f68b3f8bd09c4f1d8c6df4da2a606990c8d8668db90b6a6b",
      "downloadLocation": "NONE",
      "licenseConcluded": "Zlib",
      "licenseDeclared": "NOASSERTION",
      "copyrightText": "NOASSERTION",
      "comment": "This is a binary package built by vcpkg."
    },
    {
      "SPDXID": "SPDXRef-resource-1",
      "name": "leethomason/tinyxml2",
      "downloadLocation": "git+https://github.com/leethomason/tinyxml2@10.0.0",
      "licenseConcluded": "NOASSERTION",
      "licenseDeclared": "NOASSERTION",
      "copyrightText": "NOASSERTION",
      "checksums": [
        {
          "algorithm": "SHA512",
          "checksumValue": "a359d33bc12fad455b53d81011dbe12727cae0aabfaa5704f1a25807ca216dd854a571291029886c0beedeca5c3b6393dd49c4718773e18a0e008abbdb3de36a"
        }
      ]
    }
  ],
  "files": [
    {
      "fileName": "./E:/vcpkg/buildtrees/versioning_/versions/tinyxml2/e7763e8defdfa46b8d2e399756511f0c7ff00448/0001-fix-do-not-force-export-the-symbols-when-building-st.patch",
      "SPDXID": "SPDXRef-file-0",
      "checksums": [
        {
          "algorithm": "SHA256",
          "checksumValue": "08c2b7d4ba4ee1dd45f26847c022a4db1496edb6a3bdabc519ac4a330573aa8e"
        }
      ],
      "licenseConcluded": "NOASSERTION",
      "copyrightText": "NOASSERTION"
    },
    {
      "fileName": "./E:/vcpkg/buildtrees/versioning_/versions/tinyxml2/e7763e8defdfa46b8d2e399756511f0c7ff00448/0002-fix-check-for-TINYXML2_EXPORT-on-non-windows.patch",
      "SPDXID": "SPDXRef-file-1",
      "checksums": [
        {
          "algorithm": "SHA256",
          "checksumValue": "aae8bfad827d265c3cfffebd583da39e299068b68b8795233bf2b5ed9d7b2273"
        }
      ],
      "licenseConcluded": "NOASSERTION",
      "copyrightText": "NOASSERTION"
    },
    {
      "fileName": "./E:/vcpkg/buildtrees/versioning_/versions/tinyxml2/e7763e8defdfa46b8d2e399756511f0c7ff00448/0003-fix-Android-SDK-below-24-does-not-support-fseeko.patch",
      "SPDXID": "SPDXRef-file-2",
      "checksums": [
        {
          "algorithm": "SHA256",
          "checksumValue": "9a4752addbb190beac73841c43a9406bec303d907b3b329cd9bb5b534a8b26b7"
        }
      ],
      "licenseConcluded": "NOASSERTION",
      "copyrightText": "NOASSERTION"
    },
    {
      "fileName": "./E:/vcpkg/buildtrees/versioning_/versions/tinyxml2/e7763e8defdfa46b8d2e399756511f0c7ff00448/portfile.cmake",
      "SPDXID": "SPDXRef-file-3",
      "checksums": [
        {
          "algorithm": "SHA256",
          "checksumValue": "d4acb9ba939d6580f674a1f222c8d18c359d12a4881ed50ad1a0858ea046ebf0"
        }
      ],
      "licenseConcluded": "NOASSERTION",
      "copyrightText": "NOASSERTION"
    },
    {
      "fileName": "./E:/vcpkg/buildtrees/versioning_/versions/tinyxml2/e7763e8defdfa46b8d2e399756511f0c7ff00448/vcpkg.json",
      "SPDXID": "SPDXRef-file-4",
      "checksums": [
        {
          "algorithm": "SHA256",
          "checksumValue": "d575e087674ddc9f5270cdf3f2c57d35ef127a30cc58268c98e8287ad474bc8c"
        }
      ],
      "licenseConcluded": "NOASSERTION",
      "copyrightText": "NOASSERTION"
    }
  ]
}
