{
  "$schema": "https://raw.githubusercontent.com/spdx/spdx-spec/v2.2.1/schemas/spdx-schema.json",
  "spdxVersion": "SPDX-2.2",
  "dataLicense": "CC0-1.0",
  "SPDXID": "SPDXRef-DOCUMENT",
  "documentNamespace": "https://spdx.org/spdxdocs/pkgconf-x64-windows-2.3.0-86b2b92f-39ec-4089-8480-b8d387bf7916",
  "name": "pkgconf:x64-windows@2.3.0 2b933329f173a2b6e4312d0c0b320b038e0a35d1583813399926156116054c85",
  "creationInfo": {
    "creators": [
      "Tool: vcpkg-2024-10-18-e392d7347fe72dff56e7857f7571c22301237ae6"
    ],
    "created": "2024-11-09T09:33:20Z"
  },
  "relationships": [
    {
      "spdxElementId": "SPDXRef-port",
      "relationshipType": "GENERATES",
      "relatedSpdxElement": "SPDXRef-binary"
    },
    {
      "spdxElementId": "SPDXRef-port",
      "relationshipType": "CONTAINS",
      "relatedSpdxElement": "SPDXRef-file-0"
    },
    {
      "spdxElementId": "SPDXRef-port",
      "relationshipType": "CONTAINS",
      "relatedSpdxElement": "SPDXRef-file-1"
    },
    {
      "spdxElementId": "SPDXRef-binary",
      "relationshipType": "GENERATED_FROM",
      "relatedSpdxElement": "SPDXRef-port"
    },
    {
      "spdxElementId": "SPDXRef-file-0",
      "relationshipType": "CONTAINED_BY",
      "relatedSpdxElement": "SPDXRef-port"
    },
    {
      "spdxElementId": "SPDXRef-file-1",
      "relationshipType": "CONTAINED_BY",
      "relatedSpdxElement": "SPDXRef-port"
    }
  ],
  "packages": [
    {
      "name": "pkgconf",
      "SPDXID": "SPDXRef-port",
      "versionInfo": "2.3.0",
      "downloadLocation": "git+https://github.com/Microsoft/vcpkg#ports/pkgconf",
      "homepage": "https://github.com/pkgconf/pkgconf",
      "licenseConcluded": "NOASSERTION",
      "licenseDeclared": "NOASSERTION",
      "copyrightText": "NOASSERTION",
      "description": "pkgconf is a program which helps to configure compiler and linker flags for development libraries. It is similar to pkg-config from freedesktop.org.",
      "comment": "This is the port (recipe) consumed by vcpkg."
    },
    {
      "name": "pkgconf:x64-windows",
      "SPDXID": "SPDXRef-binary",
      "versionInfo": "2b933329f173a2b6e4312d0c0b320b038e0a35d1583813399926156116054c85",
      "downloadLocation": "NONE",
      "licenseConcluded": "NOASSERTION",
      "licenseDeclared": "NOASSERTION",
      "copyrightText": "NOASSERTION",
      "comment": "This is a binary package built by vcpkg."
    },
    {
      "SPDXID": "SPDXRef-resource-1",
      "name": "pkgconf/pkgconf",
      "downloadLocation": "git+https://github.com/pkgconf/pkgconf@pkgconf-2.3.0",
      "licenseConcluded": "NOASSERTION",
      "licenseDeclared": "NOASSERTION",
      "copyrightText": "NOASSERTION",
      "checksums": [
        {
          "algorithm": "SHA512",
          "checksumValue": "0759e63b9bfdc1e0b2f95e4c5c7be24b4ffa22e06a08cfad7f8e8be9faf99c256b1cbc72159e4ec805791d6b507a80fc344d05d63a1d273c3285dac868bf6ca0"
        }
      ]
    }
  ],
  "files": [
    {
      "fileName": "./E:/vcpkg/ports/pkgconf/portfile.cmake",
      "SPDXID": "SPDXRef-file-0",
      "checksums": [
        {
          "algorithm": "SHA256",
          "checksumValue": "170a9ad1054e57288c9666d19b25ecec04261366e8560cad5e21cdb0352d069f"
        }
      ],
      "licenseConcluded": "NOASSERTION",
      "copyrightText": "NOASSERTION"
    },
    {
      "fileName": "./E:/vcpkg/ports/pkgconf/vcpkg.json",
      "SPDXID": "SPDXRef-file-1",
      "checksums": [
        {
          "algorithm": "SHA256",
          "checksumValue": "036d2012fa748d346bb9ba48d9a8fe882a8241c821a1e024138cff65c4b44db1"
        }
      ],
      "licenseConcluded": "NOASSERTION",
      "copyrightText": "NOASSERTION"
    }
  ]
}
